{"com10_inst1.txt": {"Times": [0.15, 0.152, 1.656, 1.656, 1.656, 2.257], "New solutions": [0, 1, 6, 18, 21, 22], "Improvements": [1, 5, 12, 3, 1], "Absolute gaps": [83.0, 82.0, 16.0, 4.0, 1.0, 0.0], "Relative gaps": [1.0, 0.9879518072, 0.7272727273, 0.1818181818, 0.04545454545, 0.0], "Total time": 2.0, "Best bound": 22.0, "Objective value": 22, "Active nodes": 0, "Solved value": 1, "Interrupted": true}, "com10_inst10.txt": {"Times": [0.331, 0.355, 3.254, 3.272, 3.289, 4.405], "New solutions": [0, 1, 11, 18, 20, 22], "Improvements": [1, 10, 7, 2, 2], "Absolute gaps": [80.0, 79.0, 11.0, 4.0, 2.0, 0.0], "Relative gaps": [1.0, 0.9875, 0.5, 0.1818181818, 0.09090909091, 0.0], "Total time": 4.0, "Best bound": 22.0, "Objective value": 22, "Active nodes": 0, "Solved value": 1, "Interrupted": true}, "com10_inst2.txt": {"Times": [0.148, 2.146, 2.146, 2.153, 2.929], "New solutions": [0, 14, 19, 20, 22], "Improvements": [14, 5, 1, 2], "Absolute gaps": [84.0, 8.0, 3.0, 2.0, 0.0], "Relative gaps": [1.0, 0.3636363636, 0.1363636364, 0.09090909091, 0.0], "Total time": 2.0, "Best bound": 22.0, "Objective value": 22, "Active nodes": 0, "Solved value": 1, "Interrupted": true}, "com10_inst3.txt": {"Times": [0.153, 0.153, 2.404, 2.442, 6.195], "New solutions": [0, 1, 20, 21, 22], "Improvements": [1, 19, 1, 1], "Absolute gaps": [85.0, 84.0, 2.0, 1.0, 0.0], "Relative gaps": [1.0, 0.9882352941, 0.09090909091, 0.04545454545, 0.0], "Total time": 6.0, "Best bound": 22.0, "Objective value": 22, "Active nodes": 0, "Solved value": 1, "Interrupted": true}, "com10_inst4.txt": {"Times": [0.143, 2.763, 2.763, 2.763, 2.763, 2.786, 2.832, 5.061, 217.511, 310.59], "New solutions": [0, 2, 12, 14, 15, 17, 18, 19, 20, 22], "Improvements": [2, 10, 2, 1, 2, 1, 1, 1, 2], "Absolute gaps": [76.0, 20.0, 10.0, 8.0, 7.0, 5.0, 4.0, 3.0, 2.0, 0.0], "Relative gaps": [1.0, 0.9090909091, 0.4545454545, 0.3636363636, 0.3181818182, 0.2272727273, 0.1818181818, 0.1363636364, 0.09090909091, 0.0], "Total time": 310.0, "Best bound": 22.0, "Objective value": 22, "Active nodes": 0, "Solved value": 1064, "Interrupted": true}, "com10_inst5.txt": {"Times": [0.143, 3.455, 3.455, 3.518, 8.103, 49.462, 80.035], "New solutions": [0, 14, 18, 19, 20, 21, 22], "Improvements": [14, 4, 1, 1, 1, 1], "Absolute gaps": [85.0, 8.0, 4.0, 3.0, 2.0, 1.0, 0.0], "Relative gaps": [1.0, 0.3636363636, 0.1818181818, 0.1363636364, 0.09090909091, 0.04545454545, 0.0], "Total time": 80.0, "Best bound": 22.0, "Objective value": 22, "Active nodes": 0, "Solved value": 348, "Interrupted": true}, "com10_inst6.txt": {"Times": [0.158, 1.735, 1.895, 2.794, 11.762], "New solutions": [0, 18, 20, 21, 22], "Improvements": [18, 2, 1, 1], "Absolute gaps": [83.0, 4.0, 2.0, 1.0, 0.0], "Relative gaps": [1.0, 0.1818181818, 0.09090909091, 0.04545454545, 0.0], "Total time": 11.0, "Best bound": 22.0, "Objective value": 22, "Active nodes": 0, "Solved value": 30, "Interrupted": true}, "com10_inst7.txt": {"Times": [0.146, 1.144], "New solutions": [0, 22], "Improvements": [22], "Absolute gaps": [83.0, 0.0], "Relative gaps": [1.0, 0.0], "Total time": 1.0, "Best bound": 22.0, "Objective value": 22, "Active nodes": 0, "Solved value": 1, "Interrupted": true}, "com10_inst8.txt": {"Times": [0.139, 0.143, 2.143, 2.144, 2.147, 2.154, 305.162], "New solutions": [0, 1, 3, 15, 17, 18, 21], "Improvements": [1, 2, 12, 2, 1, 3], "Absolute gaps": [82.0, 81.0, 19.0, 7.0, 5.0, 4.0, 1.0], "Relative gaps": [1.0, 0.987804878, 0.8636363636, 0.3181818182, 0.2272727273, 0.1818181818, 0.04545454545], "Total time": 600.0, "Best bound": 22.0, "Objective value": 21, "Active nodes": 656, "Solved value": 1925, "Interrupted": false}, "com10_inst9.txt": {"Times": [0.163, 0.167, 2.085, 2.087, 2.09, 2.091, 2.096, 2.11, 2.209, 4.258, 46.073], "New solutions": [0, 2, 3, 14, 15, 16, 17, 18, 19, 20, 22], "Improvements": [2, 1, 11, 1, 1, 1, 1, 1, 1, 2], "Absolute gaps": [81.0, 79.0, 19.0, 8.0, 7.0, 6.0, 5.0, 4.0, 3.0, 2.0, 0.0], "Relative gaps": [1.0, 0.975308642, 0.8636363636, 0.3636363636, 0.3181818182, 0.2727272727, 0.2272727273, 0.1818181818, 0.1363636364, 0.09090909091, 0.0], "Total time": 46.0, "Best bound": 22.0, "Objective value": 22, "Active nodes": 0, "Solved value": 222, "Interrupted": true}, "com25_inst1.txt": {"Times": [0.429, 0.44, 6.558, 7.836, 7.84, 21.069, 21.1], "New solutions": [0, 2, 31, 33, 34, 35, 36], "Improvements": [2, 29, 2, 1, 1, 1], "Absolute gaps": [207.0, 205.0, 6.5, 4.5, 3.5, 2.5, 1.5], "Relative gaps": [1.0, 0.9903381643, 0.1733333333, 0.12, 0.09333333333, 0.06666666667, 0.04], "Total time": 600.0, "Best bound": 37.0, "Objective value": 36, "Active nodes": 176, "Solved value": 292, "Interrupted": false}, "com25_inst10.txt": {"Times": [0.412, 7.752, 13.441, 13.444, 13.489, 55.018], "New solutions": [0, 24, 25, 27, 28, 29], "Improvements": [24, 1, 2, 1, 1], "Absolute gaps": [214.0, 8.0, 7.0, 5.0, 4.0, 3.0], "Relative gaps": [1.0, 0.25, 0.21875, 0.15625, 0.125, 0.09375], "Total time": 599.0, "Best bound": 32.0, "Objective value": 29, "Active nodes": 114, "Solved value": 118, "Interrupted": false}, "com25_inst2.txt": {"Times": [0.411, 19.343, 19.346, 19.351, 19.355, 19.36, 19.377, 19.39, 60.592], "New solutions": [0, 8, 23, 27, 29, 30, 31, 32, 33], "Improvements": [8, 15, 4, 2, 1, 1, 1, 1], "Absolute gaps": [212.0, 27.5, 12.5, 8.5, 6.5, 5.5, 4.5, 3.5, 2.5], "Relative gaps": [1.0, 0.7746478873, 0.3521126761, 0.2394366197, 0.1830985915, 0.1549295775, 0.1267605634, 0.0985915493, 0.07042253521], "Total time": 600.0, "Best bound": 35.0, "Objective value": 33, "Active nodes": 116, "Solved value": 165, "Interrupted": false}, "com25_inst3.txt": {"Times": [0.422, 0.434, 25.955, 25.958, 25.966, 25.97, 25.989, 26.005, 65.857, 101.972], "New solutions": [0, 2, 6, 23, 25, 29, 30, 31, 32, 34], "Improvements": [2, 4, 17, 2, 4, 1, 1, 1, 2], "Absolute gaps": [213.0, 211.0, 30.5, 13.5, 11.5, 7.5, 6.5, 5.5, 4.5, 2.5], "Relative gaps": [1.0, 0.9906103286, 0.8356164384, 0.3698630137, 0.3150684932, 0.2054794521, 0.1780821918, 0.1506849315, 0.1232876712, 0.06849315068], "Total time": 600.0, "Best bound": 36.0, "Objective value": 34, "Active nodes": 93, "Solved value": 113, "Interrupted": false}, "com25_inst4.txt": {"Times": [0.44, 0.453, 26.573, 26.577, 26.587, 26.591, 26.596, 26.626, 26.645, 26.778, 58.519, 87.467], "New solutions": [0, 2, 6, 25, 27, 30, 31, 32, 33, 35, 36, 37], "Improvements": [2, 4, 19, 2, 3, 1, 1, 1, 2, 1, 1], "Absolute gaps": [214.0, 212.0, 34.8, 15.8, 13.8, 10.8, 9.8, 8.8, 7.8, 5.8, 4.8, 3.8], "Relative gaps": [1.0, 0.9906542056, 0.8529411765, 0.387254902, 0.3382352941, 0.2647058824, 0.2401960784, 0.2156862745, 0.1911764706, 0.1421568627, 0.1176470588, 0.0931372549], "Total time": 600.0, "Best bound": 40.0, "Objective value": 37, "Active nodes": 112, "Solved value": 121, "Interrupted": false}, "com25_inst5.txt": {"Times": [0.438, 12.273, 22.773, 22.776, 22.78, 22.957, 47.055, 81.871], "New solutions": [0, 26, 27, 29, 31, 32, 33, 34], "Improvements": [26, 1, 2, 2, 1, 1, 1], "Absolute gaps": [209.0, 10.0, 9.0, 7.0, 5.0, 4.0, 3.0, 2.0], "Relative gaps": [1.0, 0.2777777778, 0.25, 0.1944444444, 0.1388888889, 0.1111111111, 0.08333333333, 0.05555555556], "Total time": 600.0, "Best bound": 36.0, "Objective value": 34, "Active nodes": 107, "Solved value": 137, "Interrupted": false}, "com25_inst6.txt": {"Times": [0.431, 0.442, 27.335, 27.338, 27.346, 27.35, 27.353, 27.368, 27.376, 27.743], "New solutions": [0, 1, 6, 22, 24, 26, 29, 30, 31, 32], "Improvements": [1, 5, 16, 2, 2, 3, 1, 1, 1], "Absolute gaps": [213.0, 212.0, 29.0, 13.0, 11.0, 9.0, 6.0, 5.0, 4.0, 3.0], "Relative gaps": [1.0, 0.9953051643, 0.8285714286, 0.3714285714, 0.3142857143, 0.2571428571, 0.1714285714, 0.1428571429, 0.1142857143, 0.08571428571], "Total time": 600.0, "Best bound": 35.0, "Objective value": 32, "Active nodes": 96, "Solved value": 97, "Interrupted": false}, "com25_inst7.txt": {"Times": [0.48, 0.491, 8.646, 13.071, 13.077, 13.08, 13.089, 13.102], "New solutions": [0, 1, 26, 28, 29, 30, 31, 32],