{"com10_inst1.txt": {"Times": [2.154, 167.313, 167.329, 167.375, 167.391, 167.407, 167.86, 621.205], "New solutions": [0, 3, 26, 36, 41, 42, 47, 48], "Improvements": [3, 23, 10, 5, 1, 5, 1], "Absolute gaps": [239.0, 52.0, 29.0, 19.0, 14.0, 13.0, 8.0, 7.0], "Relative gaps": [1.0, 0.9454545455, 0.5272727273, 0.3454545455, 0.2545454545, 0.2363636364, 0.1454545455, 0.1272727273], "Total time": 1801.0, "Best bound": 55.0, "Objective value": 48, "Active nodes": 28, "Solved value": 29, "Interrupted": false}, "com10_inst10.txt": {"Times": [4.11, 149.836, 149.956, 150.104, 150.228, 150.352, 150.505, 150.741, 151.141, 680.012, 856.582], "New solutions": [0, 8, 33, 34, 43, 44, 46, 48, 49, 50, 51], "Improvements": [8, 25, 1, 9, 1, 2, 2, 1, 1, 1], "Absolute gaps": [241.0, 49.0, 24.0, 23.0, 14.0, 13.0, 11.0, 9.0, 8.0, 7.0, 6.0], "Relative gaps": [1.0, 0.8596491228, 0.4210526316, 0.4035087719, 0.2456140351, 0.2280701754, 0.1929824561, 0.1578947368, 0.1403508772, 0.1228070175, 0.1052631579], "Total time": 1802.0, "Best bound": 57.0, "Objective value": 51, "Active nodes": 44, "Solved value": 49, "Interrupted": false}, "com10_inst11.txt": {"Times": [2.076, 62.122, 252.137, 252.269, 252.287, 252.369, 253.291, 253.92, 254.007, 687.569, 687.583], "New solutions": [0, 19, 24, 25, 31, 33, 36, 37, 39, 40, 41], "Improvements": [19, 5, 1, 6, 2, 3, 1, 2, 1, 1], "Absolute gaps": [234.0, 31.0, 26.0, 25.0, 19.0, 17.0, 14.0, 13.0, 11.0, 10.0, 9.0], "Relative gaps": [1.0, 0.62, 0.52, 0.5, 0.38, 0.34, 0.28, 0.26, 0.22, 0.2, 0.18], "Total time": 1811.0, "Best bound": 50.0, "Objective value": 41, "Active nodes": 22, "Solved value": 22, "Interrupted": false}, "com10_inst12.txt": {"Times": [2.109, 91.449, 91.463, 91.488, 91.503, 91.519, 91.547, 91.589, 91.614, 91.782, 93.148, 300.078], "New solutions": [0, 6, 27, 31, 36, 37, 38, 39, 40, 41, 42, 43], "Improvements": [6, 21, 4, 5, 1, 1, 1, 1, 1, 1, 1], "Absolute gaps": [238.0, 42.0, 21.0, 17.0, 12.0, 11.0, 10.0, 9.0, 8.0, 7.0, 6.0, 5.0], "Relative gaps": [1.0, 0.875, 0.4375, 0.3541666667, 0.25, 0.2291666667, 0.2083333333, 0.1875, 0.1666666667, 0.1458333333, 0.125, 0.1041666667], "Total time": 1806.0, "Best bound": 48.0, "Objective value": 43, "Active nodes": 84, "Solved value": 91, "Interrupted": false}, "com10_inst13.txt": {"Times": [2.295, 257.852, 257.868, 257.909, 257.925, 257.985, 258.041, 258.445, 258.53, 258.618, 895.511], "New solutions": [0, 1, 23, 24, 31, 34, 35, 36, 37, 38, 40], "Improvements": [1, 22, 1, 7, 3, 1, 1, 1, 1, 2], "Absolute gaps": [235.0, 45.0, 23.0, 22.0, 15.0, 12.0, 11.0, 10.0, 9.0, 8.0, 6.0], "Relative gaps": [1.0, 0.9782608696, 0.5, 0.4782608696, 0.3260869565, 0.2608695652, 0.2391304348, 0.2173913043, 0.1956521739, 0.1739130435, 0.1304347826], "Total time": 1807.0, "Best bound": 46.0, "Objective value": 40, "Active nodes": 26, "Solved value": 26, "Interrupted": false}, "com10_inst15.txt": {"Times": [2.169, 62.546, 201.102, 201.475, 201.491, 201.507, 201.538, 201.883, 201.899, 201.914, 763.706, 763.746], "New solutions": [0, 27, 31, 32, 33, 35, 37, 40, 41, 42, 43, 44], "Improvements": [27, 4, 1, 1, 2, 2, 3, 1, 1, 1, 1], "Absolute gaps": [242.0, 24.0, 20.0, 19.0, 18.0, 16.0, 14.0, 11.0, 10.0, 9.0, 8.0, 7.0], "Relative gaps": [1.0, 0.4705882353, 0.3921568627, 0.3725490196, 0.3529411765, 0.3137254902, 0.2745098039, 0.2156862745, 0.1960784314, 0.1764705882, 0.1568627451, 0.137254902], "Total time": 1803.0, "Best bound": 51.0, "Objective value": 44, "Active nodes": 27, "Solved value": 30, "Interrupted": false}, "com10_inst16.txt": {"Times": [2.122, 186.4, 186.838, 186.854, 186.872, 186.994, 187.211, 187.229, 819.916, 1096.224, 1098.867], "New solutions": [0, 30, 31, 32, 33, 37, 40, 41, 42, 43, 44], "Improvements": [30, 1, 1, 1, 4, 3, 1, 1, 1, 1], "Absolute gaps": [239.0, 22.0, 21.0, 20.0, 19.0, 15.0, 12.0, 11.0, 10.0, 9.0, 8.0], "Relative gaps": [1.0, 0.4230769231, 0.4038461538, 0.3846153846, 0.3653846154, 0.2884615385, 0.2307692308, 0.2115384615, 0.1923076923, 0.1730769231, 0.1538461538], "Total time": 1801.0, "Best bound": 52.0, "Objective value": 44, "Active nodes": 8, "Solved value": 7, "Interrupted": false}, "com10_inst17.txt": {"Times": [2.03, 53.822, 276.858, 276.967, 276.983, 277.123, 277.233, 277.358, 278.139, 488.198, 563.938], "New solutions": [0, 20, 28, 30, 39, 40, 42, 43, 46, 48, 49], "Improvements": [20, 8, 2, 9, 1, 2, 1, 3, 2, 1], "Absolute gaps": [245.0, 37.0, 29.0, 27.0, 18.0, 17.0, 15.0, 14.0, 11.0, 9.0, 8.0], "Relative gaps": [1.0, 0.649122807, 0.5087719298, 0.4736842105, 0.3157894737, 0.298245614, 0.2631578947, 0.2456140351, 0.1929824561, 0.1578947368, 0.1403508772], "Total time": 1806.0, "Best bound": 57.0, "Objective value": 49, "Active nodes": 43, "Solved value": 43, "Interrupted": false}, "com10_inst18.txt": {"Times": [2.14, 157.216, 157.263, 157.294, 157.388, 157.544, 158.154, 158.497, 158.529, 430.986], "New solutions": [0, 27, 33, 34, 36, 37, 38, 40, 41, 42], "Improvements": [27, 6, 1, 2, 1, 1, 2, 1, 1], "Absolute gaps": [236.0, 25.0, 19.0, 18.0, 16.0, 15.0, 14.0, 12.0, 11.0, 10.0], "Relative gaps": [1.0, 0.4807692308, 0.3653846154, 0.3461538462, 0.3076923077, 0.2884615385, 0.2692307692, 0.2307692308, 0.2115384615, 0.1923076923], "Total time": 1813.0, "Best bound": 52.0, "Objective value": 42, "Active nodes": 54, "Solved value": 56, "Interrupted": false}, "com10_inst19.txt": {"Times": [2.187, 2.234, 220.381, 220.444, 220.46, 220.475, 220.506, 221.272, 221.303, 837.493, 1774.225], "New solutions": [0, 1, 22, 23, 29, 33, 35, 37, 39, 40, 41], "Improvements": [1, 21, 1, 6, 4, 2, 2, 2, 1, 1], "Absolute gaps": [239.0, 238.0, 28.33333333, 27.33333333, 21.33333333, 17.33333333, 15.33333333, 13.33333333, 11.33333333, 10.33333333, 9.333333333], "Relative gaps": [1.0, 0.9958158996, 0.5629139073, 0.5430463576, 0.4238410596, 0.3443708609, 0.3046357616, 0.2649006623, 0.2251655629, 0.2052980132, 0.1854304636], "Total time": 1807.0, "Best bound": 50.0, "Objective value": 41, "Active nodes": 2, "Solved value": 1, "Interrupted": false}, "com25_inst1.txt": {"Times": [6.656], "New solutions": [0], "Improvements": [], "Absolute gaps": [598.0], "Relative gaps": [1.0], "Total time": 1801.0, "Best bound": 73.0, "Objective value": 0, "Active nodes": 1, "Solved value": 0, "Interrupted": false}, "com25_inst10.txt": {"Times": [6.811], "New solutions": [0], "Improvements": [], "Absolute gaps": [598.0], "Relative gaps": [1.0], "Total time": 1802.0, "Best bound": 81.0, "Objective value": 0, "Active nodes": 1, "Solved value": 0, "Interrupted": false}, "com25_inst2.txt": {"Times": [6.657], "New solutions": [0], "Improvements": [], "Absolute gaps": [596.0], "Relative gaps": [1.0], "Total time": 1802.0, "Best bound": 76.0, "Objective value": 0, "Active nodes": 1, "Solved value": 0, "Interrupted": false}, "com25_inst3.txt": {"Times": [6.753, 150.019], "New solutions": [0, 39], "Improvements": [39], "Absolute gaps": [595.0, 36.0], "Relative gaps": [1.0, 0.48], "Total time": 1802.0, "Best bound": 75.0, "Objective value": 39, "Active nodes": 1, "Solved value": 0, "Interrupted": false}, "com25_inst4.txt": {"Times": [6.734, 6.844], "New solutions": [0, 1], "Improvements": [1], "Absolute gaps": [598.0, 597.0], "Relative gaps": [1.0, 0.9983277592], "Total time": 1802.0, "Best bound": 82.0, "Objective value": 1, "Active nodes": 1, "Solved value": 0, "Interrupted": false}, "com25_inst5.txt": {"Times": [6.736, 6.845], "New solutions": [0, 2], "Improvements": [2], "Absolute gaps": [594.0, 592.0], "Relative gaps": [1.0, 0.9966329966], "Total time": 1801.0, "Best bound": 87.0, "Objective value": 2, "Active nodes": 1, "Solved value": 0, "Interrupted": false}, "com25_inst6.txt": {"Times": [6.782, 720.35], "New solutions": [0, 49], "Improvements": [49], "Absolute gaps": [594.0, 34.38235294], "Relative gaps": [1.0, 0.412345679], "Total time": 1802.0, "Best bound": 83.0, "Objective value": 49, "Active nodes": 1, "Solved value": 0, "Interrupted": false}, "com25_inst7.txt": {"Times": [6.206, 6.331], "New solutions": [0, 1],